{
    "train_videos": [
        {
            "file_name": "train00.mp4",
            "frame_rate": 25,
            "frame_num": 158,
            "camera_angle_x": 0.6911112070083618,
            "camera_hw": [
                400,
                400
            ],
            "transform_matrix": [
                [
                    -1.0,
                    0.0,
                    0.0,
                    0.0
                ],
                [
                    0.0,
                    -0.41173315048217773,
                    0.9113045930862427,
                    3.673585891723633
                ],
                [
                    0.0,
                    0.9113045930862427,
                    0.41173315048217773,
                    1.659749150276184
                ],
                [
                    0.0,
                    0.0,
                    0.0,
                    1.0
                ]
            ]
        },
        {
            "file_name": "train01.mp4",
            "frame_rate": 25,
            "frame_num": 158,
            "camera_angle_x": 0.6911112070083618,
            "camera_hw": [
                400,
                400
            ],
            "transform_matrix": [
                [
                    -0.30901697278022766,
                    0.3915815055370331,
                    -0.8667021989822388,
                    -3.4937877655029297
                ],
                [
                    -0.9510565400123596,
                    -0.12723252177238464,
                    0.28160858154296875,
                    1.1352003812789917
                ],
                [
                    7.450580596923828e-09,
                    0.9113045930862427,
                    0.41173315048217773,
                    1.659749150276184
                ],
                [
                    0.0,
                    0.0,
                    0.0,
                    1.0
                ]
            ]
        },
        {
            "file_name": "train02.mp4",
            "frame_rate": 25,
            "frame_num": 158,
            "camera_angle_x": 0.6911112070083618,
            "camera_hw": [
                400,
                400
            ],
            "transform_matrix": [
                [
                    0.80901700258255,
                    0.24201063811779022,
                    -0.5356513857841492,
                    -2.1592793464660645
                ],
                [
                    -0.5877851843833923,
                    0.3330990970134735,
                    -0.7372609972953796,
                    -2.9719934463500977
                ],
                [
                    -1.4901159417490817e-08,
                    0.9113045930862427,
                    0.4117331802845001,
                    1.659749150276184
                ],
                [
                    0.0,
                    0.0,
                    0.0,
                    1.0
                ]
            ]
        },
        {
            "file_name": "train03.mp4",
            "frame_rate": 25,
            "frame_num": 158,
            "camera_angle_x": 0.6911112070083618,
            "camera_hw": [
                400,
                400
            ],
            "transform_matrix": [
                [
                    0.8090169429779053,
                    -0.2420107126235962,
                    0.5356515049934387,
                    2.1592800617218018
                ],
                [
                    0.5877853631973267,
                    0.3330990672111511,
                    -0.7372608184814453,
                    -2.9719932079315186
                ],
                [
                    0.0,
                    0.9113045930862427,
                    0.41173315048217773,
                    1.659749150276184
                ],
                [
                    0.0,
                    0.0,
                    0.0,
                    1.0
                ]
            ]
        },
        {
            "file_name": "train04.mp4",
            "frame_rate": 25,
            "frame_num": 158,
            "camera_angle_x": 0.6911112070083618,
            "camera_hw": [
                400,
                400
            ],
            "transform_matrix": [
                [
                    -0.3090171217918396,
                    -0.3915815055370331,
                    0.866702139377594,
                    3.4937875270843506
                ],
                [
                    0.9510564804077148,
                    -0.1272325962781906,
                    0.2816087305545807,
                    1.1352009773254395
                ],
                [
                    -7.450580596923828e-09,
                    0.9113045930862427,
                    0.41173315048217773,
                    1.659749150276184
                ],
                [
                    0.0,
                    0.0,
                    0.0,
                    1.0
                ]
            ]
        }
    ],
    "test_videos": [
        {
            "file_name": "test04.mp4",
            "frame_rate": 25,
            "frame_num": 158,
            "camera_angle_x": 0.6911112070083618,
            "camera_hw": [
                400,
                400
            ],
            "transform_matrix": [
                [
                    -0.8090169429779053,
                    -0.242010697722435,
                    0.535651445388794,
                    2.1592798233032227
                ],
                [
                    0.5877853035926819,
                    -0.3330990970134735,
                    0.7372608184814453,
                    2.9719932079315186
                ],
                [
                    1.4901161193847656e-08,
                    0.9113045930862427,
                    0.41173315048217773,
                    1.659749150276184
                ],
                [
                    0.0,
                    0.0,
                    0.0,
                    1.0
                ]
            ]
        }
    ],
    "val_videos": [
        {
            "file_name": "test02.mp4",
            "frame_rate": 25,
            "frame_num": 158,
            "camera_angle_x": 0.6911112070083618,
            "camera_hw": [
                400,
                400
            ],
            "transform_matrix": [
                [
                    1.0,
                    -3.5994855096532774e-08,
                    7.966878001752775e-08,
                    3.2115508474817034e-07
                ],
                [
                    8.742278367890322e-08,
                    0.41173315048217773,
                    -0.9113045930862427,
                    -3.673585891723633
                ],
                [
                    0.0,
                    0.9113045930862427,
                    0.41173315048217773,
                    1.659749150276184
                ],
                [
                    0.0,
                    0.0,
                    0.0,
                    1.0
                ]
            ]
        }
    ],
    "frame_bkg_color": [
        1.0,
        1.0,
        1.0
    ],
    "voxel_scale": 12.0064,